id,date,residence,user_name_fk
1,12/1/2023,Suite 2,lyesipov0
2,5/8/2023,Room 1322,jskate1
3,1/26/2017,Suite 30,jedinborough2
4,6/16/2017,11th Floor,cluna3
5,12/8/2015,Apt 489,mdilloway4
6,12/27/2016,Apt 1270,pvenditto5
7,12/21/2018,Room 884,rgruszczak6
8,5/14/2019,Suite 95,tyakutin7
9,12/9/2017,9th Floor,kdegan8
10,3/12/2021,Suite 81,nmattson9
11,7/5/2021,Suite 30,ularkworthya
12,7/22/2016,Apt 1380,nbournerb
13,4/5/2019,PO Box 85956,tfaucherandc
14,2/24/2017,Apt 458,rlarmand
15,6/7/2016,PO Box 73948,jwannope
16,3/21/2018,Apt 1621,whawsonf
17,3/24/2020,Suite 90,lclintg
18,9/7/2019,Apt 324,ehabbleh
19,5/13/2023,Suite 99,ashieberi
20,10/27/2017,Apt 911,mkennfordj
21,1/9/2016,Apt 1663,mleyrroydk
22,7/14/2022,Room 1615,ghoulisonl
23,7/11/2018,Room 894,jgrisedalem
24,10/1/2022,Apt 1533,cmattenn
25,11/14/2022,PO Box 52836,nspreadburyo
26,3/13/2018,19th Floor,mborghesep
27,3/28/2018,Apt 1154,mmacalroyq
28,2/3/2019,2nd Floor,dsmallcombr
29,3/4/2022,Suite 1,mpoleys
30,10/5/2018,Apt 1013,acleavet
31,7/3/2022,Apt 64,esayu
32,12/15/2017,Suite 19,abernaldov
33,3/9/2019,15th Floor,dmathivatw
34,6/26/2019,Room 67,eortox
35,8/2/2022,Apt 1098,rspinneyy
36,9/12/2016,Room 456,holenichevz
37,8/9/2022,Room 961,mfricke10
38,1/11/2016,Suite 60,jplose11
39,12/16/2019,17th Floor,mhouldin12
40,12/17/2021,Room 1614,dmcparlin13
41,5/20/2016,Room 505,mfysh14
42,6/19/2020,Suite 64,gdennes15
43,2/14/2021,Room 140,tatty16
44,8/24/2018,14th Floor,rcondon17
45,8/2/2016,Room 406,edogg18
46,11/20/2019,Apt 679,tbrotheridge19
47,5/25/2019,Apt 1484,khambrook1a
48,9/7/2016,Room 927,ctyndall1b
49,10/4/2018,15th Floor,kcadogan1c
50,3/4/2018,Apt 1045,rugolini1d
51,9/10/2021,11th Floor,msevers1e
52,2/17/2019,PO Box 96187,mjosey1f
53,1/27/2020,Room 1267,scomazzo1g
54,4/17/2020,PO Box 50414,nvolante1h
55,3/31/2023,Apt 1288,fdewolfe1i
56,12/4/2018,15th Floor,wpellitt1j
57,8/29/2021,Apt 284,gyouell1k
58,4/24/2018,Apt 1148,afutcher1l
59,7/6/2023,11th Floor,qhardwick1m
60,4/15/2023,PO Box 37914,alober1n
61,5/8/2019,Suite 89,emusgrave1o
62,9/18/2022,Suite 46,bginty1p
63,9/2/2022,10th Floor,aaxford1q
64,6/7/2023,7th Floor,rcharters1r
65,7/9/2017,11th Floor,rtrappe1s
66,12/29/2021,9th Floor,jkunes1t
67,11/19/2016,Suite 37,ftruin1u
68,3/27/2019,Apt 526,alivingstone1v
69,9/23/2018,PO Box 21524,mwiskar1w
70,6/19/2018,13th Floor,fmcmennum1x
71,1/22/2016,Suite 98,yinge1y
72,3/16/2018,Suite 79,jgreed1z
73,4/27/2021,17th Floor,dferie20
74,8/26/2020,PO Box 2597,jeyeington21
75,1/27/2022,15th Floor,hdadson22
76,2/24/2023,Suite 15,swanklin23
77,4/19/2022,Room 1380,nphilip24
78,6/24/2023,PO Box 85434,pcinelli25
79,12/14/2019,Apt 695,sgarbutt26
80,4/1/2022,PO Box 78466,hadamovitz27
81,2/14/2021,Suite 9,hfishbie28
82,1/17/2023,Apt 1821,dpanner29
83,9/26/2016,7th Floor,fevens2a
84,11/10/2019,Apt 1491,bantonoczyk2b
85,7/12/2022,Room 1815,cjenman2c
86,5/22/2018,Apt 391,tpaulisch2d
87,9/9/2022,11th Floor,aheigho2e
88,3/9/2022,Apt 976,dcremin2f
89,9/1/2021,PO Box 63893,credwing2g
90,6/8/2018,9th Floor,lcawcutt2h
91,3/21/2016,18th Floor,arunnalls2i
92,12/18/2020,Suite 59,jgarie2j
93,4/27/2019,Room 1740,mpietzker2k
94,4/12/2023,Room 1520,achesters2l
95,10/26/2017,Apt 716,ckintish2m
96,4/10/2016,16th Floor,rleicester2n
97,1/21/2018,Room 915,dlampard2o
98,1/17/2017,6th Floor,gmcilveen2p
99,4/11/2018,Room 561,dgarnall2q
100,2/14/2016,Suite 72,btrassler2r
