first_name,last_name,username,d/m/yyyy,gender,city,country,industry
(Sean,Clark,dampforce,25/11/2023,Male,Stanton,Nepal,Automotive),
(Amber,Perry,unknownshade,15/2/2016,Female,Atlanta,India,Private Equity),
(John,Bailey,quietanimal,10/9/2018,Male,Radom,Germany,Journalism),
(Sarah,Jenkins,defiantmachine,31/12/2010,Female,Shenorock,Germany,Sporting Goods),
(Sean,Edwards,overtshape,21/8/2016,Male,Fredonia,India,Recreational Facilities),
(Grace,Richardson,dustybridge,25/8/2017,Female,India,Niles,Animation),
(Adam,Hernandez,jumbledexchange,8/8/2011,Male,Strunk,India,Fishery),
(Robert,Washington,stormydebt,14/4/2022,Male,Kingsburg,Germany,Computer Software),
(Chelsea,Walker,maddeningmachine,10/8/2020,Female,Howard Lake,India,Real Estate),
(Anthony,Williams,briefmachine,15/10/2010,Male,Sun City Center,Germany,Recruiting),
(Jack,Wright,lackingexistence,24/6/2012,Male,Hodges,India,Public Relations),
(Brittany,Johnson,charmingtrain,19/9/2011,Female,Avilla,Nepal,Electronic Manufacturing),
(William,Patterson,pumpedice,8/4/2021,Male,Hollywood,India,Defense),
(Dylan,Wilson,unknownsnow,12/2/2016,Male,Procious,India,Recruiting),
(Samantha,Roberts,clutteredmoney,5/2/2020,Female,South Lake Tahoe,Nepal,Services),
(Sop(hia,Richardson,quickbooks,22/7/2017,Female,Grafton,Germany,Human Resources),
(Elizabeth,Taylor,industriousair,18/12/2017,Female,Waitsfield,India,Veterinary),
(Lillian,Richardson,vivacioushose,18/2/2016,Female,Cloutierville,Nepal,Paper Products),
(Matthew,Gray,vivacioussnow,7/11/2013,Male,Georgetown,Germany,Paper Products),
(James,Jones,cutebridge,10/4/2018,Male,Coosada,India,Wholesale),
(Lauren,Rodriguez,interestinggate,29/9/2016,Female,Ellsworth,Germany,Network Security),
(Aubrey,Taylor,puzzlingspace,18/12/2016,Female,Jackson,India,Writing),
(Claire,Flores,delicatethumb,16/8/2013,Female,Shinglehouse,Canada,Professional Training),
(Elizabeth,Diaz,mysteriousjeans,24/10/2023,Female,Watts Bar Dam,India,Health Care),
(Brandon,James,typicaldrop,11/7/2022,Male,Danielson,Germany,Fashion),
(Benjamin,Harris,highfalutinnose,19/4/2018,Male,Lane City,India,Chemicals),
(Taylor,Roberts,wiseimpulse,11/6/2023,Female,Pleasantville,Nepal,Animation),
(Owen,Hughes,largeposition,12/7/2011,Male,Saint Louis,Nepal,Veterinary),
(Lillian,Gray,pumpedlanguage,16/12/2010,Female,Burlington,USA,Logistics),
(William,Moore,puzzlingfurniture,27/2/2010,Male,Nebo,Germany,Luxury Goods),
(Joshua,Long,spikysign,16/8/2020,Male,Arvada,Nepal,USA,Professional Training),
(Jose,Bryant,quietmitten,21/5/2012,Male,Silver Spring,Canada,Machinery),
(Eric,Bailey,dappertray,15/9/2010,Male,Rock Island,Germany,Containers),
(Ryan,Butler,somberstem,22/2/2019,Male,Urania,USA,Recruiting),
(Maria,Hall,mightybit,10/8/2013,Female,Bismarck,Nepal,Beverages),
(Joseph,Bryant,rusticproperty,19/9/2019,Male,Peapack and Gladstone,USA,Package Delivery),
(Theodore,Ross,steadysoup,24/6/2016,Male,Cedarbluff,India,Containers),
(Kevin,Wright,woodenanimal,9/3/2016,Male,Hardy,India,Internet),
(Sean,Scott,colossalfriend,9/3/2015,Male,Cedars,Germany,Health Care),
(Eric,Sanders,mistybucket,11/5/2019,Male,Plum City,Nepal,Luxury Goods),
(Eleanor,Jenkins,nimblecherry,25/8/2022,Female,Schuylkill Haven,USA,Freight Delivery),
(Charlotte,Brooks,delicaterange,26/10/2020,Female,San Juan,Nepal,Civil Engineering),
(Charles,Diaz,frightenedplate,25/9/2011,Male,Pocomoke City,India,Textiles),
(Samantha,Gonzales,incandescentcat,28/2/2015,Female,Willow Lake,USA,Facilities Services),
(Emily,Patterson,productivecontrol,25/7/2010,Female,Redding Center,USA,Consumer Services),
(Brianna,Allen,wrystory,25/7/2015,Female,Spring Mount,India,Wireless),
(Richard,Russell,flashyspring,7/5/2022,Male,Santa Fe,India,Private Equity),
(Jose,Anderson,chivalrousfeeling,13/7/2011,Male,Altamonte Springs,Germany,Computer Engineering),
(Anthony,Alexander,miniatureriver,29/8/2020,Male,Chatom,USA,Metals),
(Brian,Turner,maturewave,22/7/2021,Male,Macon,USA,Legal Services),
(Tyler,Brown,elasticnose,9/10/2017,Male,Lawton,India,Music),
(Robert,Watson,funnymailbox,13/3/2018,Male,Blocksburg,USA,Concrete),
(Jose,Brown,nondescriptjewel,4/7/2016,Male,McBee,USA,Banking),
(Hannah,Russell,charmingburst,28/2/2010,Female,Vanderbilt,Nepal,Maritime),
(Heather,Cooper,flashymailbox,14/7/2011,Female,Keene,USA,Construction),
(Olivia,Coleman,yellowsteam,12/6/2012,Female,Toronto,Germany,Business Equipment),
(John,Walker,frightenedshade,18/4/2016,Male,Merton,Nepal,Nanotechnology),
(Theodore,Smith,calculatingyam,23/1/2016,Male,Bloomsbury,Nepal,Insurance),
(Hannah,Simmons,greenparcel,21/5/2021,Female,Waukee,Nepal,Business Equipment),
(Ethan,Johnson,maturetheory,7/1/2020,Male,Greenwood,Germany,Building Materials),
(Emma,Anderson,woodenjeans,3/3/2018,Female,Manset,USA,Aviation),
(Joshua,Coleman,shybelieve,15/6/2010,Male,Sewanee,Nepal,Nanotechnology),
(Ava,Lee,nondescripttendency,15/3/2012,Female,Austin,Germany,Sports),
(Michael,Nelson,sombercushion,29/6/2011,Male,Sutton,Nepal,Industrial Automation),
(Daniel,James,animatedsuit,8/9/2012,Male,Huntertown,USA,Furniture),
(David,Bell,poisedshake,8/7/2022,Male,Atlanta,India,International Trade),
(Thomas,Evans,equablejar,31/12/2021,Male,Maricopa,Nepal,Fitness),
(Emma,Wilson,largeeye,4/4/2022,Female,Fulton,India,Aerospace),
(Ashley,Cook,frightenedfriend,18/11/2012,Female,Washington,USA,Performing Arts),
(Olivia,Hayes,cuterecess,29/8/2022,Female,Dobbs Ferry,USA,Management Consulting),
(Samuel,Turner,tendershelf,4/7/2023,Male,Amherst,Nepal,Internet),
(Samantha,Perry,betterrock,16/11/2018,Female,Masterson,Germany,Film),
(Stephanie,Lee,hungryroof,6/11/2021,Female,Burbank,USA,Facilities Services),
(Grace,Phillips,chemicalanimal,15/8/2012,Female,Pinon,Germany,Automotive),
(Stephen,Williams,earthymailbox,18/12/2017,Male,Colliers,Germany,Computer Engineering),
(Jessica,Rogers,stickypin,17/8/2011,Female,Bristol,Nepal,Printing),
(Jack,Evans,enchantingvoice,22/4/2023,Male,Crestview,Germany,Transportation),
(Katherine,Rodriguez,naturalcorn,9/9/2017,Female,Mount Vernon,Canada,Containers),
(Danielle,Morgan,defiantdesk,25/12/2014,Female,Omaha,Nepal,Machinery),
(Rachel,Bailey,delicatespace,27/3/2012,Female,Lisbon,Germany,Electrical Manufacturing),
(Charles,Morris,largetendency,28/6/2011,Male,Berwind,USA,Mining),
(Justin,Allen,shortduck,28/10/2015,Male,San Diego,USA,Packaging),
(Kevin,Rogers,zestyairplane,23/12/2011,Male,Kennett,Nepal,Graphic Design),
(Kimberly,Hall,bouncystem,10/4/2023,Female,Hanover,USA,Food Production),
(Tiffany,Jenkins,prettyshelf,27/8/2019,Female,Viola,Canada,Metals),
(Samuel,Moore,woodenkey,27/6/2019,Male,Watson,Nepal,USA,Printing),
(Amanda,Evans,upsetcherry,31/12/2015,Female,Pawnee,Germany,Logistics),
(Kayla,Alexander,dullriddle,31/8/2020,Female,Bonnie,Nepal,Education),
(Alexandra,James,chemicalsound,26/7/2020,Female,Wilmington,Nepal,Marketing),
(Patrick,Ramirez,wistfulboot,30/11/2022,Male,Ucon,USA,Beverages),
(Hannah,Davis,fainttomatoes,1/7/2016,Female,Lockesburg,Nepal,Medical Equipment),
(Theodore,Rodriguez,calculatingface,20/2/2012,Male,Hickman,Germany,Defense),
(Patrick,Washington,roastedknowledge,8/9/2011,Male,Union,Nepal,Computer Security),
(Joshua,Bailey,squealingbehavior,1/10/2015,Male,Inman,USA,Cosmetics),
(Stephanie,Cooper,talltooth,26/10/2018,Female,El Paso,Nepal,Writing),
(Claire,Roberts,zestyanimal,6/2/2013,Female,Cross Anchor,Nepal,Consumer Electronics),
(Henry,Nelson,bigwriting,3/8/2016,Male,Lohrville,India,Consumer Electronics),
(Emily,Ward,scientificsupport,6/10/2012,Female,Lake Worth,Germany,Civil Engineering),
(Sarah,Gonzales,enchantingliquid,24/10/2014,Female,Baskerville,USA,Concrete),
(Michelle,Phillips,nicetail,25/5/2010,Female,Red Lodge,Nepal,Furniture);
