id,numberOfProduct,recieptnr,selling_price,product_id
1,09-220-3102,jbrownsett0,aknowlden0,rcrippell0
2,94-184-2917,rtovey1,tweare1,cvanyushin1
3,93-076-8070,ahaycox2,golder2,lpotzold2
4,20-988-0212,ssoames3,kjencey3,sjanman3
5,36-743-1006,wcarpmile4,eprosh4,cwoodlands4
6,89-658-5751,cdrury5,aeykelbosch5,cthornthwaite5
7,38-378-2118,vquin6,sscathard6,jcuree6
8,54-394-9878,diliff7,tlong7,lgammack7
9,36-553-9745,ocronk8,gguilaem8,cspeakman8
10,60-088-4111,cpaulich9,ehuddart9,mdoone9
11,08-106-9772,ctwiggea,achinaa,mshermara
12,62-209-6423,scomellinib,jascroftb,pashfoldb
13,73-022-9725,anapthinec,otunneyc,ajirekc
14,84-559-4831,nsellend,predond,ashermored
15,42-376-1775,ytheseirae,rhughse,gshearsbye
16,51-766-4165,jleadesf,braithmillf,bautyf
17,25-481-2569,shaldaneg,agiorgiog,rpudeg
18,37-057-6263,dclaytonh,gtejadah,lescaleroh
19,07-685-4000,tspataroi,cbiffini,mspaingoweri
20,35-181-9724,fdantonioj,fstroudj,akobj
21,34-943-7833,esquirek,idullingk,lreedmank
22,30-898-9519,cmacpeakel,gmoyserl,kengalll
23,78-982-9392,jfattorinim,eklaaasenm,cyakushkinm
24,08-869-2125,wmurien,dkarppin,gkirtonn
25,03-959-3658,nsturridgeo,mtixallo,gsingho
26,40-832-4545,bhuishp,mbeningfieldp,bpettersenp
27,85-201-7753,vjainq,rbaumannq,kbirkettq
28,91-730-7372,pmuttockr,mjohanchonr,ktaffer
29,46-032-2036,lbailys,mwornums,mphillippos
30,77-691-9217,jroppt,mreilyt,tbriddockt
31,05-938-8593,epentelou,jmcandrewu,lbridgensu
32,36-266-0543,nmcalinev,ghryniewickiv,ksessunsv
33,63-850-5551,rmurfordw,sbailw,aworsnupw
34,03-434-6101,rboyfordx,rtamesx,vyurevichx
35,42-569-4948,wgervaisey,dlocarnoy,jortety
36,01-989-4486,rfeakez,qcrockz,jbartocciz
37,15-272-6667,lwoodwind10,zrickersy10,jraffles10
38,72-543-3599,thunton11,jpeiser11,mmelross11
39,63-856-6942,agrioli12,mcherryholme12,ajira12
40,70-248-4752,pbastie13,rgrigoli13,mhalpen13
41,39-867-7322,gprose14,mhurst14,gquodling14
42,78-981-5722,bannwyl15,kephson15,nborrott15
43,41-633-4051,astiller16,tossulton16,fjovis16
44,10-309-1353,bmee17,clivingstone17,pruse17
45,47-498-6218,haxcell18,icarsey18,tlongfellow18
46,97-010-4871,jmccallion19,khousby19,khepher19
47,42-336-6998,phuebner1a,grickardes1a,kbridgstock1a
48,84-463-5753,csheardown1b,vrivett1b,ccallar1b
49,10-527-9794,wmcfaul1c,upontin1c,efautley1c
50,24-168-1759,nwyne1d,eskells1d,lcruddace1d
51,17-937-7527,pbruckstein1e,ilidell1e,nlysons1e
52,56-456-5634,ehart1f,gcallf1f,kmalinowski1f
53,75-031-1045,starver1g,mbrosh1g,jrouchy1g
54,80-568-8626,adeluna1h,vgiffard1h,ecrabtree1h
55,79-124-5893,rrudge1i,blaverenz1i,mmcterlagh1i
56,51-178-1746,avenneur1j,ahinckesman1j,lmccorkindale1j
57,82-817-8074,ncrofts1k,eshortall1k,bcritcher1k
58,09-313-6667,cmushett1l,ktranmer1l,jmacgall1l
59,02-854-3390,grenner1m,bkeddie1m,emacauley1m
60,33-394-9356,alorain1n,kcooling1n,cscholes1n
61,92-702-0054,eovenden1o,mcohn1o,apittway1o
62,20-937-7425,fhendriksen1p,afearnehough1p,jparadis1p
63,99-384-6603,shamly1q,wfance1q,mgullan1q
64,54-339-0552,fgatherell1r,jbrasener1r,njumont1r
65,54-904-2392,cketteman1s,pdeakes1s,jfowlds1s
66,28-038-0431,imaidlow1t,fsalkild1t,obatchan1t
67,58-821-5735,mlippard1u,aboeck1u,yrabbe1u
68,17-380-9301,afarlowe1v,sastlett1v,dcamin1v
69,14-765-0917,kphilipeau1w,hmoreside1w,rtemlett1w
70,21-179-7027,eredwall1x,htabard1x,lravenshear1x
71,79-526-5139,jfero1y,acamier1y,mfernan1y
72,32-737-9446,slorenzini1z,mmaiklem1z,tbonifas1z
73,08-971-0402,djorgesen20,chillburn20,mcorten20
74,26-484-2022,cyelyashev21,gleng21,pgrishanin21
75,29-124-8770,hgibbetts22,mhailey22,cweldrick22
76,77-130-9184,gguilfoyle23,jwaleran23,kdmisek23
77,18-452-7924,lfrend24,larend24,sgooda24
78,17-871-7796,cclynter25,mmoreman25,dkienlein25
79,07-493-8095,bchalk26,kadamo26,cgeorgievski26
80,32-066-5322,msimoneton27,kjosefsohn27,rboyet27
81,85-723-3547,efalvey28,hlibero28,ckitcat28
82,73-433-8411,nmewitt29,lrankcom29,tchateau29
83,79-032-3889,bridding2a,lbrimmicombe2a,etappington2a
84,94-509-8855,hgodlonton2b,azucker2b,hwrighton2b
85,21-783-1833,pbaiden2c,jjayme2c,skonneke2c
86,80-704-0839,dlumbers2d,adrysdall2d,kchancellor2d
87,38-270-6984,mharmond2e,edeesly2e,nklaesson2e
88,65-960-0925,acopestake2f,bclapson2f,kcasson2f
89,08-377-2878,fbazoge2g,whawkin2g,dhandford2g
90,37-997-7052,tmessiter2h,oexelby2h,nharyngton2h
91,28-731-3955,cschubart2i,baustick2i,mearly2i
92,62-267-3373,caggas2j,toneil2j,ariseam2j
93,42-758-5017,ohebblethwaite2k,cnutbeam2k,fcouling2k
94,78-615-5144,tdrawmer2l,amccabe2l,mhennemann2l
95,24-923-0200,jminister2m,agruczka2m,nabrahamsen2m
96,16-940-7218,lflagg2n,kellington2n,sbywaters2n
97,14-482-5218,bmole2o,otogher2o,cstolle2o
98,62-216-5409,mhains2p,ppeasey2p,bbaddam2p
99,22-374-4442,gmathelon2q,mlongmire2q,dwandless2q
100,78-431-3896,cspiring2r,cyanov2r,coseland2r
101,82-194-4713,ifassbindler2s,ibemwell2s,salbutt2s
102,04-601-1903,dtoulamain2t,gkermeen2t,sboddis2t
103,49-097-1349,dfewell2u,schaters2u,osamsworth2u
104,78-356-3187,oiapico2v,yquelch2v,ebratley2v
105,53-878-3718,pfiles2w,dglenton2w,dpedracci2w
106,59-557-3574,jsainer2x,esouthers2x,tioannou2x
107,38-531-4434,dhowley2y,frittmeyer2y,twitherdon2y
108,86-004-1268,rnorthgraves2z,vjerome2z,lbeddo2z
109,58-212-2197,bmilesop30,nmessham30,vdominiak30
110,38-729-4241,abimrose31,dmarkel31,abligh31
111,18-083-3557,amccroary32,kjeays32,bdavenport32
112,50-783-1673,gmarney33,tcastagno33,lgrishaev33
113,71-426-2633,lclaybourne34,ggigg34,btruswell34
114,06-145-9176,gfransman35,apaulou35,tkinnard35
115,43-574-1312,narrault36,bbonallick36,cclaughton36
116,01-475-5054,cfasham37,ebasilone37,dskeemor37
117,97-969-3007,nzukerman38,aligoe38,sparken38
118,53-940-4730,jlewty39,mdurram39,nrevens39
119,88-323-1948,tsivell3a,vcorbet3a,jmithun3a
120,95-493-4121,rmcard3b,ehoulison3b,cmatthisson3b
121,41-401-9582,worsay3c,lcapeloff3c,sarnowitz3c
122,96-767-3354,gbalcombe3d,ccantillion3d,mochterlony3d
123,59-689-6949,iferrer3e,lpollen3e,acammomile3e
124,08-821-9081,mevitts3f,rmacririe3f,dzipsell3f
125,24-243-9831,mdrakers3g,abeer3g,wgerrard3g
126,69-267-4890,beggins3h,egove3h,cbrehault3h
127,62-118-7917,amatussevich3i,gkarys3i,nstrass3i
128,53-921-5997,ashortan3j,vscolli3j,imacguire3j
129,11-127-8310,teverall3k,conge3k,ldysert3k
130,29-610-8983,gkeeves3l,anormanton3l,ngarmston3l
131,14-515-4187,slocard3m,sbembridge3m,mschaumann3m
132,64-992-9363,jcoles3n,ggoldthorpe3n,jzoppie3n
133,31-628-9683,smcmorran3o,mmilborn3o,jrehme3o
134,12-289-6289,rpickthall3p,kteresa3p,snancekivell3p
135,38-579-2117,mridgers3q,jduffield3q,bhalcro3q
136,53-061-5003,bgaymar3r,bpowton3r,wbuggs3r
137,41-769-4840,hgenner3s,tmitten3s,rluby3s
138,91-694-5700,dayscough3t,abroster3t,acokayne3t
139,14-113-3237,dclemmow3u,jmurrill3u,swoofendell3u
140,34-285-6086,jtrowsdall3v,ehuegett3v,lgonin3v
141,89-699-3635,gbondar3w,lnoweak3w,afratczak3w
142,06-680-3828,mcapstick3x,cburras3x,vfontelles3x
143,05-343-8928,lwalthall3y,lsturton3y,aspellicy3y
144,54-338-3577,rsiss3z,nhause3z,svanson3z
145,38-009-2476,gvalti40,bniave40,vfishbourn40
146,82-099-3529,lliley41,aiacovielli41,crizzello41
147,47-974-5955,flaven42,pgepson42,mmcneely42
148,96-416-9771,cfeifer43,sstrike43,opapen43
149,55-583-5725,sleithgoe44,zklaassens44,wfarthin44
150,20-133-6036,lhagland45,thuckerby45,egrass45
151,11-644-0660,bromeo46,mjedrychowski46,adomney46
152,70-322-3310,mgoldston47,krieflin47,cmiddlemass47
153,75-759-3055,ttitcomb48,fhanse48,jmacneely48
154,03-018-9768,cizatt49,sscholig49,gtiplady49
155,52-013-5211,hferry4a,fpervew4a,kbech4a
156,88-641-8535,ccracoe4b,ttouret4b,mlandrieu4b
157,77-511-3331,cprozescky4c,ccowdray4c,ayelden4c
158,72-638-6023,fnewson4d,vcuer4d,ibroom4d
159,96-656-6807,sspillman4e,pstapleford4e,dpilsbury4e
160,22-492-4624,srainforth4f,cfeary4f,bpendlington4f
161,49-424-2830,mciccotto4g,kmacoun4g,lclardge4g
162,55-433-6724,fbaggalley4h,ldemangeon4h,latto4h
163,52-515-8310,cfussie4i,cpikett4i,shubach4i
164,04-845-3034,cjerzykiewicz4j,lmcelree4j,ekarpfen4j
165,84-389-6766,cwarwicker4k,etreversh4k,cborth4k
166,83-437-3345,smonks4l,ngosselin4l,jrumens4l
167,27-868-9075,mhart4m,zniblett4m,atice4m
168,30-933-8293,rparlott4n,gblees4n,bgribble4n
169,06-451-5063,ncarter4o,dstrathdee4o,jgueny4o
170,50-572-1391,vwaleworke4p,clotte4p,rkeuneke4p
171,71-397-3133,tpouck4q,cfairlam4q,tglencrosche4q
172,65-625-4471,lsporle4r,bzorer4r,egercke4r
173,51-665-4489,pabella4s,nmacneilage4s,npablo4s
174,44-843-9960,mcubuzzi4t,gsheekey4t,eumpleby4t
175,66-661-6133,hgrigoriscu4u,tausting4u,orozzell4u
176,10-827-0802,harchbutt4v,srockliffe4v,lmoon4v
177,99-726-4126,aorpen4w,msabbatier4w,egallico4w
178,05-905-6234,amoret4x,ggudger4x,lmadill4x
179,92-421-4187,clindenbaum4y,bblinder4y,achisolm4y
180,24-612-4257,dfilipchikov4z,msouthan4z,cfri4z
181,58-793-4181,badamolli50,talejandro50,noquin50
182,54-796-4861,dgainsburgh51,vfazan51,jcapaldi51
183,01-405-1456,gstrachan52,lsex52,lcastrillo52
184,26-597-4165,anesey53,dyve53,nfierman53
185,49-413-7294,cmaddox54,gbowkett54,adolligon54
186,62-586-3514,ecapron55,mplank55,gasp55
187,46-328-6105,fcanwell56,bmartinuzzi56,ldenzilow56
188,02-997-7220,bfairclough57,ccuskery57,drickis57
189,47-234-8272,tbausor58,cvatcher58,tkingaby58
190,34-706-4798,hdominico59,sseavers59,lwelburn59
191,29-326-9634,rexelby5a,dstockman5a,dbartot5a
192,35-685-2766,krockwill5b,tmalenfant5b,friddiough5b
193,83-631-5584,gflower5c,ndeners5c,jcherry5c
194,30-846-8096,bfiles5d,cludgrove5d,mmacari5d
195,61-066-6241,npeppard5e,belcome5e,sprier5e
196,75-869-1791,aalliston5f,ablasing5f,fellings5f
197,60-568-5797,ngeill5g,chenlon5g,mburch5g
198,74-637-7333,swheelton5h,pbidewel5h,gerrichi5h
199,86-176-8518,rdeblasiis5i,lbleakley5i,nhindrick5i
200,58-757-2231,gchappelow5j,boakshott5j,jpickerin5j
201,78-129-0573,rbendall5k,jzold5k,mdoge5k
202,19-877-6503,rcock5l,agoode5l,shaysman5l
203,52-418-7785,dgrim5m,tcanet5m,amelanaphy5m
204,01-976-3271,dpacker5n,vbuckley5n,ghelliker5n
205,64-036-1779,acicccitti5o,blarrington5o,jchoat5o
206,65-321-5585,kkilgour5p,mmerrifield5p,jhavoc5p
207,89-326-2464,ssherebrooke5q,elamp5q,blambrick5q
208,21-228-6044,tgudd5r,lwilkie5r,mcrucetti5r
209,71-521-6064,wborghese5s,fmonshall5s,ssmallridge5s
210,08-319-5787,aseeger5t,bvaneschi5t,kmcmanaman5t
211,85-442-9380,cbiglin5u,obeadell5u,lanstead5u
212,71-049-1315,dhugues5v,hlampen5v,urossetti5v
213,34-180-2441,vfrancke5w,acasol5w,sgoodyer5w
214,60-291-5835,gplessing5x,gmaso5x,banderton5x
215,85-574-0410,hbalazot5y,jreding5y,oknotton5y
216,34-233-4892,rcuer5z,lurvoy5z,mdumbrall5z
217,52-182-5127,crepper60,nredsull60,afieldhouse60
218,33-010-5960,pkemmis61,nalberts61,jheugle61
219,36-399-9158,kcoolson62,spunchard62,egoathrop62
220,09-693-9430,wdorgan63,wshaddock63,msansam63
221,26-612-1931,ltrematick64,pcattroll64,sinold64
222,99-315-1691,dramalho65,gdemann65,labrehart65
223,99-669-2777,ldurn66,leburah66,tclackers66
224,01-469-1879,cschoenrock67,abeden67,ggenty67
225,39-259-2711,pgiovannini68,ebryceson68,nmcphee68
226,98-620-4523,rliversidge69,gbransden69,mdurrant69
227,12-595-7286,aelwood6a,tburden6a,skluge6a
228,62-041-6891,efoukx6b,dkeningham6b,wtye6b
229,65-618-9011,vclausewitz6c,dzecchetti6c,rwendover6c
230,46-535-6134,ochevins6d,mpeacham6d,jhinckesman6d
231,45-212-2634,khorsted6e,gdunsleve6e,cplenty6e
232,00-001-2444,ngrimsley6f,kpickles6f,ldreakin6f
233,09-950-5914,kaiton6g,mpearce6g,cbuie6g
234,20-859-5258,flabel6h,hninnis6h,mlackey6h
235,26-817-4158,gdipietro6i,ltunnicliff6i,onewrick6i
236,12-911-2477,awedmore6j,kspellward6j,fdallosso6j
237,19-848-0176,gbibbie6k,sgraalman6k,nbotger6k
238,30-483-9602,dfurmonger6l,ksemiraz6l,frosendall6l
239,37-915-3323,srallin6m,emccole6m,cjeaffreson6m
240,41-925-6978,bcossum6n,gsamber6n,vrout6n
241,81-598-6973,ppittle6o,kscambler6o,wlewin6o
242,80-491-8408,ccolleck6p,dperris6p,dbrislawn6p
243,17-184-2049,jgeck6q,sseverwright6q,mdillinton6q
244,43-772-1450,talam6r,lpetracek6r,mmanssuer6r
245,10-502-7753,efilimore6s,jcranmor6s,gvancassel6s
246,51-438-1920,clace6t,lbalchen6t,fmacmeeking6t
247,36-394-0857,bhave6u,sarunowicz6u,cessam6u
248,16-852-6821,ssee6v,ctruin6v,nbromehead6v
249,39-096-0320,crigolle6w,jsmitten6w,aearlam6w
250,53-501-3050,cnussii6x,kgarrat6x,dconachy6x
251,56-482-9897,jbasterfield6y,jgodsal6y,cpandey6y
252,19-354-0308,elucks6z,lwildor6z,esargant6z
253,85-030-3133,aeddowes70,rtebbit70,rsedge70
254,19-105-8320,loboy71,bcastellini71,bsharer71
255,93-258-1199,tboissier72,rbromehed72,jroman72
256,76-495-4647,saubery73,csuttill73,apatman73
257,78-540-8730,joselton74,nmatteotti74,hbanfield74
258,68-011-8830,hjakubovsky75,lpurslow75,lphizackarley75
259,96-427-1091,jmyall76,jgallemore76,kcary76
260,53-210-7562,amcquaker77,dmcindrew77,ecabell77
261,83-694-6598,vmingardo78,vdemichele78,kfoker78
262,08-221-9159,kocurrigan79,kspurrett79,esterland79
263,91-172-6741,nmckeag7a,bboam7a,jmalcher7a
264,99-416-2317,crappport7b,tcorcoran7b,isurphliss7b
265,86-484-8332,sleeves7c,nlandsbury7c,wcathrall7c
266,94-703-3855,uheibel7d,eknighton7d,jsansbury7d
267,10-844-3101,gbowmen7e,lfullagar7e,dreinbeck7e
268,38-215-9656,lganing7f,sburgyn7f,gsteele7f
269,54-214-5885,awitz7g,ltorbeck7g,ssmythin7g
270,94-930-0191,tpetkov7h,rheimann7h,nsalisbury7h
271,30-535-8769,aspleving7i,simlach7i,eblevin7i
272,15-508-5487,bpeppard7j,nkynton7j,oscreech7j
273,35-741-4872,ycains7k,nmerrall7k,sughini7k
274,66-299-4639,tgill7l,elogg7l,rwickey7l
275,98-227-3681,kjocelyn7m,apotkins7m,aelward7m
276,91-001-6534,klabat7n,zaron7n,mmcmorland7n
277,90-540-1028,ncordes7o,hdown7o,rpitcock7o
278,57-215-7667,hmuehle7p,aminton7p,wdelaspee7p
279,41-522-8633,jpatley7q,acasterou7q,amatkin7q
280,31-555-4000,jmatteotti7r,lrummer7r,hblees7r
281,35-246-1545,lgann7s,kgatlin7s,fchristian7s
282,37-394-0518,dtethacot7t,sbrockman7t,ojurs7t
283,97-304-7199,onason7u,pspeake7u,ewheelwright7u
284,33-490-2164,mbackshall7v,mtrood7v,gkaret7v
285,39-861-0215,hbasson7w,teustes7w,jsowood7w
286,59-607-9162,kspavins7x,mgianolini7x,cgaynor7x
287,05-026-9850,wleijs7y,ykeedy7y,scranidge7y
288,57-067-3458,aklagge7z,dcutmare7z,acartledge7z
289,00-769-6641,lmattin80,dcoldwell80,kbollins80
290,50-026-0769,cproschek81,ebentote81,kabramovitz81
291,71-746-3101,dbaythrop82,tbowles82,bmccready82
292,74-042-5148,mbatram83,emcgenn83,eshedd83
293,21-974-3973,mlulham84,gplant84,sbendell84
294,68-676-3946,fknee85,clipp85,hurwen85
295,60-444-5905,pcastangia86,kprahm86,mthoresby86
296,34-969-1256,ameas87,dfairham87,dkynvin87
297,04-088-6322,apasso88,rrotchell88,ksommerly88
298,86-985-3904,tpenk89,tcoatsworth89,aburwin89
299,54-119-9391,sgyse8a,blaister8a,cgowanlock8a
300,04-472-6303,kfenn8b,catterbury8b,asuttie8b
301,48-802-1249,fposton8c,estarford8c,cluthwood8c
302,40-645-6742,cstorie8d,vtilby8d,bdysert8d
303,49-176-3023,ikillough8e,krolland8e,rbiasi8e
304,35-255-0509,weat8f,fjamblin8f,jsherborn8f
305,02-244-0248,bsuller8g,ltaillard8g,eadamovicz8g
306,22-281-0221,tlodwick8h,kcurrington8h,kgietz8h
307,66-074-3567,echiverton8i,edanilchenko8i,echinnery8i
308,22-419-2729,bhyne8j,tmisken8j,bodare8j
309,56-637-8195,ryallop8k,hkleinbaum8k,kbrauns8k
310,95-099-1410,rrohan8l,fpowlesland8l,bchaffe8l
311,08-993-4588,fjosh8m,kpentycost8m,tmerriday8m
312,33-025-4498,rcircuit8n,jivanonko8n,carstall8n
313,14-776-6422,jbestall8o,lleeb8o,tkeach8o
314,94-334-4747,rbark8p,jtennewell8p,dbaskerville8p
315,37-246-4965,tthor8q,agiff8q,ghalfhyde8q
316,29-367-3579,mellesworth8r,lsimonnot8r,yloughlan8r
317,48-772-9108,pharfleet8s,rscurrell8s,rpetraitis8s
318,02-001-2916,cpenhallurick8t,ctrinke8t,dmuldrew8t
319,92-257-4776,ihenrie8u,bkilius8u,sstanbro8u
320,00-674-3174,hzavattero8v,lkampshell8v,twarstall8v
321,30-993-7792,edrejer8w,dhazle8w,dmarques8w
322,33-153-1891,jhalstead8x,dodeson8x,radamson8x
323,07-032-7763,ddawbery8y,ambarron8y,esaterweyte8y
324,60-661-2714,bpirdue8z,dgaythor8z,ccrowther8z
325,08-777-6751,unorres90,adefraine90,bpriditt90
326,62-033-7374,woram91,sastupenas91,kfleming91
327,89-135-2823,mclere92,vpeaker92,eoregan92
328,15-126-1409,tbenedikt93,uclive93,kbangham93
329,59-056-8482,khaws94,msnedker94,ppinching94
330,73-198-7378,cfrench95,nharsent95,rsarra95
331,87-282-9757,wsturgeon96,ahanham96,sdy96
332,11-658-2665,sphear97,jchrisp97,ichaloner97
333,27-676-9281,mjuly98,bblythin98,jvannozzii98
334,04-934-5264,mhuyge99,btupling99,tguile99
335,44-731-7808,hmoncreiff9a,jhousin9a,vwillan9a
336,35-046-7379,kodogherty9b,bangelini9b,ahaugh9b
337,75-377-8017,viltchev9c,dhousego9c,etuttiett9c
338,23-920-7966,mcoggen9d,rnertney9d,pbucktrout9d
339,60-336-4440,ksturm9e,ederoeck9e,edutteridge9e
340,82-842-5279,chalfhead9f,gmenhenitt9f,fbaelde9f
341,76-925-2007,cmaclaverty9g,rcrofthwaite9g,hguare9g
342,95-488-3309,ddidball9h,taliman9h,fvanhalen9h
343,06-176-7076,slorrimer9i,bhuster9i,uburbury9i
344,95-632-2700,mgherarducci9j,acampling9j,mgreenhough9j
345,39-035-4939,bstonehouse9k,hopdenort9k,tlakenden9k
346,19-967-1383,bmoylane9l,avasyukhichev9l,gbernon9l
347,89-277-6910,pdickerline9m,mfawthorpe9m,pdincey9m
348,73-849-2331,amattessen9n,graybould9n,egosney9n
349,41-586-9820,mclorley9o,sogrady9o,athorington9o
350,51-524-0222,vtompsett9p,candras9p,fbonanno9p
351,03-471-5146,scainey9q,kfehners9q,schinnock9q
352,44-840-6179,jpaliser9r,bclendinning9r,epepper9r
353,20-188-1359,cbrophy9s,bbiddwell9s,gtreverton9s
354,10-777-9709,afairnington9t,rkamenar9t,jhayhoe9t
355,34-798-8596,ahunter9u,gabbe9u,shatchette9u
356,78-880-8597,arichardes9v,emacgille9v,pmephan9v
357,93-290-7995,sgauntlett9w,gcrennan9w,vsummerfield9w
358,64-089-9458,vmcveagh9x,hgouge9x,qbrowett9x
359,37-802-1887,kburgwyn9y,feixenberger9y,branyard9y
360,57-658-1760,aurey9z,rhousiaux9z,jmeekin9z
361,52-456-2115,mfortmana0,cpaina0,dvonhagta0
362,40-968-5672,smundaya1,bhunswortha1,nglennya1
363,34-291-0369,bpayntona2,eblasonia2,djowlea2
364,69-278-0769,pandrascha3,einda3,kdestouchea3
365,06-668-0613,dstitwella4,bseckera4,hessela4
366,11-007-6801,nibarraa5,jalesia5,otownsenda5
367,84-057-9335,atesdalea6,lcarffa6,deisiga6
368,83-053-1928,afeatherstonhaugha7,agirarda7,abirda7
369,18-801-5477,mmedwella8,nilyukhova8,libbitsona8
370,00-478-1323,ajacquota9,nmanstona9,atamsetta9
371,14-729-6115,pharoweraa,rmaplethorpeaa,jwhyleyaa
372,02-014-5245,ogarnettab,hhintzerab,jpettoab
373,06-343-6648,gmacneillac,fcattemullac,bcovottoac
374,63-351-4553,mdraayerad,mfranzad,jgallelliad
375,94-177-9205,amcelreeae,idaoutae,gcowderyae
376,92-351-2845,jbeedleaf,awoolacottaf,fdelacoteaf
377,88-192-5597,jgowersag,wnipperag,gworlockag
378,24-093-4164,vzoppieah,mcarnallah,lchestermanah
379,13-667-9863,rschniederai,acaygillai,alawlanai
380,59-523-3891,mburnallaj,dlapthorneaj,iflatheraj
381,34-517-3506,acalladineak,galleyneak,jmcwhorterak
382,59-747-5114,alegonidecal,mcleifeal,kbourneral
383,79-987-5410,gbachuraam,smiddiffam,edecourtneyam
384,88-358-4268,tyouingsan,nbaggarleyan,ealliottan
385,04-701-2882,lmacnultyao,gschimankao,rtristramao
386,06-043-8720,evogellerap,wadderleyap,vstealfoxap
387,76-400-3910,bescoffieraq,comalleyaq,jivieaq
388,16-724-9716,pfreirear,eboxerar,dblewisar
389,47-274-9118,hgiffenas,hsetteras,tlechelleas
390,85-991-9891,rwildingat,bpriddyat,vgarmstonat
391,27-086-1843,tkillbeyau,mdemangeonau,efurbankau
392,81-973-4019,enardiav,dgeekieav,pgrinstedav
393,57-706-7175,jsussemsaw,aferronieraw,ssearbyaw
394,82-192-2918,fkittax,fomandax,eridpathax
395,45-669-0569,aoliphanday,tgobellay,tfanneray
396,75-471-9146,mclementaz,elibreyaz,nkunataz
397,53-524-7794,aferrilliob0,rbotwoodb0,kgormallyb0
398,43-414-6560,dmickelwrightb1,mmasseb1,mjanningsb1
399,59-365-8242,ccoggerb2,rbodleighb2,bluipoldb2
400,80-772-3693,kyokleyb3,dglisenanb3,tgodsmarkb3
401,14-315-2066,ameadersb4,ofredsonb4,dyakunikovb4
402,22-248-0787,wmitchleyb5,rwhybrowb5,zcroslandb5
403,79-670-4356,cbutterisb6,nmagogb6,dfoloninb6
404,36-907-8143,bbridgelandb7,ewalshamb7,gponderb7
405,57-226-2207,snorkuttb8,tjacquemotb8,ahuegettb8
406,21-559-0551,nshenleyb9,lmacconnultyb9,bdraxfordb9
407,41-382-6648,khaineyba,gbastableba,tbutterfintba
408,54-403-9696,aspeendenbb,fhowchinbb,bkenwynbb
409,01-759-3965,lshakespearebc,nembertonbc,ghackeltonbc
410,66-657-9247,tkillockbd,iohmbd,nbaffbd
411,65-639-7726,loloughnanbe,jsomerfieldbe,ddefrainbe
412,02-164-4174,eplainbf,tswaffieldbf,bdeeleybf
413,49-855-3277,fcapronbg,tmarquotbg,jmechellbg
414,86-032-1973,idmtrovicbh,gtodarellobh,nkeddiebh
415,80-303-2816,gspellicybi,wcallesbi,mbirkwoodbi
416,68-909-6066,lblundinbj,acoultonbj,vvolkebj
417,67-848-2199,hheffernanbk,rdonnelbk,rcuttlerbk
418,67-242-6860,asaveallbl,lperrottbl,pturesbl
419,97-648-2980,jaubreybm,ftomovicbm,jyukhninibm
420,84-905-1313,tcanlinbn,cbriantbn,mbuckebn
421,94-688-0251,kpinchesbo,ckinseybo,fkeatleybo
422,83-465-3289,rshirtbp,bramshaybp,apahlbp
423,74-747-9938,dcuddebq,lpetherbq,cpuckhambq
424,34-472-3910,tjadczakbr,mecclesallbr,npettifordbr
425,22-643-9399,kcervantesbs,bfairhallbs,cblackboroughbs
426,89-284-5204,ggunnerbt,wrichardsbt,nmawbybt
427,82-280-8000,rnickollsbu,dpimleybu,cberkbu
428,63-215-6737,lodesonbv,nsheringtonbv,ayvesbv
429,61-340-7605,igiblettbw,kyedybw,mcragheadbw
430,32-016-8508,htomasellobx,cfreschibx,ekildaybx
431,52-741-0418,wjosskovitzby,dgierokby,dlambkinby
432,28-568-0017,scamollibz,gsatterthwaitebz,browbothambz
433,19-434-3234,nmccathayc0,dantonssonc0,hodgerc0
434,64-475-8821,bgregoracic1,opaceyc1,lshonec1
435,81-405-3064,myardleyc2,cmccandlessc2,bmacrieriec2
436,97-575-7165,sivanovicc3,jislandc3,qmccorleyc3
437,04-857-9471,bgaskillc4,sbennoughc4,smccaughanc4
438,84-630-8905,dverrilloc5,ibainc5,lheasmanc5
439,68-935-5308,sbyrec6,jtrinkec6,otomlettc6
440,55-207-8487,eetoilec7,jbenoyc7,abrissonc7
441,80-627-0685,dcarnalanc8,mcouzensc8,lfaustc8
442,10-830-1018,gdrewsc9,jegarc9,ndmitrc9
443,81-288-6525,bmartijnca,lvendittoca,mwiddopca
444,93-781-4161,berskinesandyscb,hstannercb,ghovycb
445,55-197-4371,mquincc,dhansoncc,emuntcc
446,29-944-4994,nminescd,dcavozzicd,mduddencd
447,38-810-0338,scristofolinice,nleprevostce,gweyce
448,97-961-0377,tnarramorecf,ndrummondcf,sbelmontcf
449,84-794-0744,oswanboroughcg,qtrittamcg,cfarrcg
450,99-507-5804,nderricoatch,sbookch,igooleych
451,12-378-8751,dthreadkellci,sprandinici,vbothwellci
452,47-355-9381,tshoutecj,acawdroncj,cpietrowskicj
453,41-234-3473,elampetck,crammeck,lendleyck
454,96-849-5563,bespycl,dbeatoncl,tpyattcl
455,75-175-5125,cdonovincm,moloughlincm,focheltreecm
456,08-757-0510,gstpierrecn,sbromontcn,groisencn
457,20-971-7604,vglanderco,ycromeco,tsothebyco
458,04-243-1421,ahallbirdcp,ttuminicp,acordeycp
459,52-368-2120,mcowdreycq,pfortoncq,rsyddallcq
460,31-094-6157,ljurkowskicr,kteekcr,mdeethcr
461,14-835-1379,fpolandcs,jrampleycs,ldetloffcs
462,06-045-0262,jstenningct,gberfordct,scaldesct
463,05-983-2455,gsteeplescu,cburduscu,rtinkercu
464,38-666-3746,pcarpcv,vyeldhamcv,mthomingacv
465,78-444-7456,hpearcw,jleblanccw,lhutsoncw
466,18-754-4219,csnozzwellcx,nheddancx,ovanderbrugcx
467,71-936-9467,lbarzcy,hfrancecionecy,cpitceathlycy
468,30-404-1131,edownhamcz,tskoggingscz,rseinecz
469,80-685-6655,ghawsd0,lpanichellid0,hkenvind0
470,98-843-3752,ctwinboroughd1,fpetegreed1,lwallerd1
471,92-261-9343,gamayad2,clambertsond2,kstarkingsd2
472,30-175-4625,rbletcherd3,kchestertond3,mocurrand3
473,53-901-8205,rdebiaggid4,nbullierd4,aleborgned4
474,71-374-0558,ebentzd5,kgullickd5,dbresnerd5
475,99-551-5958,owhitnalld6,thearndend6,irobilartd6
476,67-903-1025,wpurled7,bloveridged7,achaineyd7
477,02-146-0022,mkunzd8,nwalburnd8,amclaughlind8
478,29-482-3415,meckertd9,hwindhamd9,sosband9
479,62-542-6582,vdilgarnoda,cmannevilleda,fbilbeyda
480,82-491-1861,gsauvaindb,ileinweberdb,mmccunndb
481,18-725-2403,mjansemadc,mplanquedc,bstreetleydc
482,40-092-8445,dceschinidd,ajaggidd,igriffithdd
483,02-230-1898,lrivallandde,xcobbinde,ocurlessde
484,54-742-4296,grenggerdf,fdanatdf,bturleydf
485,50-957-6568,fprimodg,dbreddydg,aeddinsdg
486,37-098-8579,eponceforddh,rleesondh,gmarconidh
487,64-759-3625,mbiltondi,jleavensdi,skinworthydi
488,30-259-1779,uhavelindj,rfrenchdj,rhayworthdj
489,96-702-9815,rtebbothdk,elukehurstdk,gbutteldk
490,91-167-1552,hjansiedl,dlockhurstdl,mohearndl
491,47-023-7727,stschieraschedm,rsleanydm,whaxbiedm
492,89-231-4311,asherbrookdn,eenneverdn,mkesbydn
493,79-763-7058,cbalsilliedo,jmccrostiedo,salekhovdo
494,55-428-4806,dduddingdp,hizatdp,etommendp
495,29-507-8431,rmanvelledq,ebuffhamdq,hdenyukindq
496,55-228-7323,lbestdr,ksimonidr,voxberrydr
497,50-055-5701,tbatesonds,ebiaggiottids,mvanhaeftends
498,13-038-9747,ktackerdt,ekrzyzanowskidt,dmacuchadairdt
499,59-033-1302,djagiellodu,lrainforthdu,dtheussdu
500,42-026-8426,abumfreydv,jiveaghdv,rdematteidv
501,57-883-7186,clyarddw,rmillarddw,uchifneydw
502,78-576-8103,rwagstaffdx,gniesingdx,gribchesterdx
503,81-108-1478,tcandelindy,gtudballdy,nmaypowderdy
504,92-203-3021,npipetdz,kpowderhamdz,kgladebeckdz
505,05-542-7366,myaakove0,lbellye0,harboine0
506,86-910-8007,ahabbine1,pbatcheldore1,ceisake1
507,43-302-4293,bbarefoote2,vwrighteme2,bcollinettee2
508,89-543-1985,gtansliee3,obratchere3,hgeevee3
509,62-457-9003,jcaldaroe4,smatthewse4,mmatzele4
510,57-055-1149,ctominie5,dbiaggie5,sleadbeattere5
511,08-008-8236,pdunne6,nallame6,hgreguole6
512,26-954-4873,tcoxwelle7,vshillane7,adigiacomettinoe7
513,59-699-9132,mmurkine8,ninseale8,amerringtone8
514,88-428-2202,hshovele9,asartone9,lkettlestringe9
515,08-534-1391,awallworthea,cmonneryea,seslieea
516,87-566-2093,vbarttrumeb,edorieeb,eghenteb
517,12-250-8201,lblagburnec,sgarmentec,laskewec
518,88-474-9636,amccaugheyed,hhudspethed,kbefroyed
519,13-034-0284,jbrusselsee,hdennehyee,mhearstee
520,83-175-9663,tgreasonef,mcurreenef,tlossmanef
521,40-602-4948,mtondeureg,twymaneg,ncolleereg
522,46-369-3944,asyneeh,egreenigeh,wpetrollieh
523,87-954-3885,lcoreyei,fcoultasei,lmckillopei
524,81-361-8611,edavidovskyej,tmcleoidej,frousselej
525,71-930-9494,zporkissek,dwackettek,lselewayek
526,00-320-7202,mnorthingel,atwamleyel,aharbisonel
527,76-517-2932,talbionem,blambrichtem,dcammoileem
528,89-138-0616,ledeen,kwaghorneen,rillingen
529,08-507-7651,araineeo,dgillbeyeo,pbrabbseo
530,76-453-0649,cbereep,mpritchittep,estearnep
531,17-346-4465,dbarkwortheq,gschruyerseq,gorrockeq
532,44-809-4579,bbaldicker,rsexstoneer,iarchdeaconer
533,19-345-2265,hburruses,spenberthyes,cchampes
534,90-444-8437,nmackriellet,igazeyet,nrolfiniet
535,86-414-5285,hblondeleu,hcolquiteu,mmccamisheu
536,20-215-0558,bboswellev,tbrydeev,shessingev
537,51-705-7642,csalliereew,ejeaneauew,mgrigoreyew
538,77-856-2579,dastupenasex,lbrehautex,eheimesex
539,46-760-3389,tbouskilley,dsoney,csparrowhawkey
540,69-499-1018,eapplewhaiteez,sjorczykez,tbeetlesez
541,30-590-1082,jmanusf0,jcarcassf0,ionyonf0
542,53-140-8084,tmcneilf1,jboffinf1,mjiracekf1
543,86-663-6977,ofrancesconif2,zzamoraf2,efruserf2
544,18-392-0392,spetruschf3,iyakunikovf3,wwetheraldf3
545,84-274-8368,meastlakef4,lhamptonf4,rpendridf4
546,79-922-0595,sogreadyf5,bsiddensf5,krohlfsf5
547,90-028-6812,nmaudlenf6,malgoref6,mdewhurstf6
548,36-071-0788,probjantf7,erudingerf7,mclubbf7
549,27-138-3942,coldnallf8,mtubbf8,mmilesapf8
550,76-345-7011,eaylesburyf9,jfranyf9,hgolsworthyf9
551,80-600-0943,lsebbornfa,nkiehnefa,ptumininifa
552,77-174-0041,kclemitsfb,keaglingfb,wogormanfb
553,44-178-7575,bsilbersakfc,sferreresfc,amcclurefc
554,84-383-7277,wveartfd,aswarbrickfd,fsymondsfd
555,45-815-0635,tbrilfe,dhlavacfe,nsillickfe
556,86-495-2069,wwaddingtonff,mhayneff,eattacff
557,83-237-3423,gcaddingfg,scandiefg,mosmundfg
558,43-336-1801,tduignanfh,henstenfh,kwallmanfh
559,02-463-7030,eforgiefi,raldcornfi,nfilipovicfi
560,46-367-0650,cpinelfj,esoanfj,dedgehillfj
561,08-009-3054,mscritchfk,cschulefk,mradbandfk
562,17-664-3417,jcubuzzifl,tmacquakerfl,mdudingfl
563,35-446-5619,tbatkinfm,tgadiefm,gestickfm
564,85-881-3507,lbartholatfn,vspitellfn,afontefn
565,31-850-1460,aguerrefo,mmiddlemistfo,tdredgefo
566,48-970-1514,agodsalfp,vgirardotfp,fledleyfp
567,60-189-3560,btennantfq,emattusovfq,kgoodbarnefq
568,62-131-6694,abeamesfr,dbissonfr,dfieldfr
569,50-942-2354,hsnufflebottomfs,adavidoufs,diohananoffs
570,86-748-8149,alafayetteft,rbecerroft,lstroobantft
571,67-608-2018,ebrocktonfu,agayfu,zdevenniefu
572,06-115-4370,ftildesleyfv,hgilphillanfv,bsalmenfv
573,73-385-6501,fgwinnfw,ddenysfw,achyuertonfw
574,35-908-4825,shaugehfx,bhadwinfx,jjandelfx
575,19-669-2879,rwhitbyfy,eborkinfy,dfearfy
576,49-147-1133,wstirripfz,dchafneyfz,zstolbergfz
577,76-709-8075,adenzeyg0,rmaragesg0,sgurradog0
578,08-968-2884,alisettg1,wdymockeg1,nmattschasg1
579,62-395-9595,epindellg2,jferreresg2,tfiddymentg2
580,81-437-2032,afurseyg3,jhagardg3,bstainfieldg3
581,50-311-4636,sspittalg4,gkryzhovg4,akunatg4
582,53-704-9796,cdelortg5,dbolleg5,jkellogg5
583,88-966-7292,mpentlandg6,abeverstockg6,zmcilveeng6
584,14-980-9060,bdunang7,cwibrewg7,fhalworthg7
585,68-003-2837,smccaffertyg8,kcrosselandg8,dmartonfig8
586,02-966-5658,lwollersg9,jjeakinsg9,jblomfieldg9
587,89-983-8025,bkidmanga,bfarmloega,cposnerga
588,35-348-9728,eklimkiewichgb,tklavesgb,ssirettegb
589,23-041-1787,eeggersgc,mturfingc,mcruwysgc
590,03-012-0838,gfearneygd,pgoodhallgd,ngubbinsgd
591,39-173-4421,ksoanege,apagetge,cbefroyge
592,46-097-9740,aascoughgf,lspinnacegf,oroydengf
593,92-686-6047,cmaulkingg,ymacconachygg,smccarrongg
594,58-278-2752,tzottogh,dwillertongh,pohowbanegh
595,66-084-6241,kklausengi,bkidgellgi,jrowstongi
596,16-936-8229,bkattgj,cfrodsamgj,kspeakmangj
597,54-458-5288,smcilmurraygk,schittockgk,wcadneygk
598,63-608-0211,asturmgl,charnimangl,mshrievegl
599,48-925-9533,cstaplefordgm,kharfleetgm,hmcgreadygm
600,26-135-5748,mpatrickgn,areignardgn,amcilhargagn
601,52-776-1231,eshrubsallgo,hboyengo,bhallockgo
602,50-558-5998,openninogp,atileygp,mhearleygp
603,27-038-5713,oposseltgq,kdeelaygq,gmacfarlanegq
604,88-346-7468,sriggsgr,bfilyashingr,gbittanygr
605,64-727-0123,aworhamgs,mpringgs,ekertessgs
606,56-944-0443,nfrankcomgt,aotterwellgt,csalasargt
607,98-368-5750,agrinyergu,jfishbourngu,mstoltzgu
608,47-500-2586,amustardgv,lstallybrassgv,scullumgv
609,77-504-5261,mlorenzinigw,ppatinkingw,nallsobrookgw
610,73-240-2370,ldabneygx,ggruszeckigx,apricegx
611,01-718-7759,fpavlikgy,wlukeschgy,jgudahygy
612,61-205-2807,ffenneygz,ogiblinggz,lmalangz
613,27-230-6462,rhessenthalerh0,kchecklinh0,wlorenteh0
614,80-293-2201,ngawithh1,rcanelash1,mcharloh1
615,33-653-6255,jdiggleh2,tjacobowiczh2,awillischh2
616,18-088-9277,moaktonh3,scheverellh3,esmouth3
617,28-799-7105,wmairsh4,cmorgansh4,llimeburnh4
618,31-863-6713,ghabbesh5,cspaduccih5,gcubleyh5
619,26-066-2230,fgaskalh6,leickh6,jvispoh6
620,12-024-7140,rmattiassih7,rbautisteh7,dplevinh7
621,40-698-1277,cmacmillanh8,gtremellingh8,haultonh8
622,82-397-6616,sgowdyh9,fseelerh9,abraineh9
623,23-895-1403,tlissandriha,fseeksha,klashbrookha
624,68-600-4138,sfletcherhb,mdetloffhb,mglasperhb
625,60-217-8395,pdavissonhc,bwellesleyhc,blaiblehc
626,38-085-1054,nbrahmerhd,mthamelthd,dbleierhd
627,64-888-8258,asitwellhe,ekybbyehe,aomoylanehe
628,98-744-9251,mlarsenhf,kschroderhf,rcassiushf
629,36-805-4674,ksorhg,kmarconihg,jalowayhg
630,91-073-8694,ebradmanhh,coadehh,jcollcutthh
631,05-377-1072,afairallhi,lbradderhi,wtomneyhi
632,74-846-1487,fkelbyhj,rjeffresshj,lswabeyhj
633,04-587-1465,mgilhouleyhk,kantoniuttihk,atimmshk
634,64-908-5514,prawsthornehl,nbloxsomehl,bguisohl
635,18-035-5052,nlakeyhm,bbellanyhm,aarchdeaconhm
636,68-406-2852,dflynnhn,pmcgarrahanhn,znevehn
637,17-434-8594,glintotho,nblenkinshipho,tlindgrenho
638,26-875-5341,dthewlishp,lgraylandhp,ldukehp
639,64-344-0319,rallcotthq,bchatelethq,geasbiehq
640,35-845-7424,dprentyhr,bglentzhr,edericuthr
641,92-000-3143,egroobyhs,bgagenhs,ktalboyhs
642,42-056-1945,vdulantyht,fkimmerlinght,frawlenceht
643,65-412-6694,chorbathhu,sjileshu,mpahlerhu
644,94-373-3667,hduranthv,loultramhv,stregunnahhv
645,86-771-1288,crapkinshw,jlakehw,cgaishhw
646,30-978-7302,csnellehx,rcoltarthx,vgerokhx
647,35-650-8960,bkezarhy,jhallbirdhy,kshepherdsonhy
648,69-435-3532,msimoninhz,sberingerhz,jmealandhz
649,25-705-2160,dduigedi0,sclenchi0,vgerltsi0
650,91-827-1006,lmulfordi1,kbaggsi1,aquiggi1
651,43-090-6523,mcapleni2,ccooni2,mswalweli2
652,81-721-1740,sanglimi3,ebusseni3,cprangeri3
653,98-478-8109,wstationi4,lcasteli4,coniansi4
654,25-995-4931,kewerti5,apriestmani5,pnorketti5
655,94-513-7888,dsotheroni6,sjenmani6,mfishleighi6
656,79-828-4259,tedardsi7,sseyfferti7,mhellensi7
657,61-459-4616,idodsleyi8,volliffi8,fchampagnei8
658,70-868-6234,amaassi9,sdowsi9,estroderi9
659,77-170-8402,wwesthoferia,pbuckleighia,cidneyia
660,49-813-1013,cgianelliib,klintottib,tmichinib
661,79-287-8147,brootic,sampsic,geaddyic
662,43-034-8666,fmatyushkinid,zsollowayid,dpenderedid
663,14-665-6952,jalgieie,achazelleie,gclemendetie
664,12-205-0012,tmaccaheyif,bleftwichif,ibessomif
665,27-650-5017,avangeffenig,gishakiig,omithanig
666,18-219-0847,rhuittih,smariotih,cstegerih
667,31-607-1484,smitchamii,cspilsburyii,tbassii
668,03-735-5692,ngrioliij,breddyij,nwynneij
669,78-771-6622,fpardiik,galeshkovik,ddufoureik
670,05-700-6407,clyneil,gfrenchumil,aearnshawil
671,55-048-4120,bseedullim,hlaurensim,rgoldsonim
672,42-284-5146,cdelayglesiasin,khannain,mvanderspohrin
673,45-803-7506,pmcraveyio,astollardio,kcannonio
674,89-526-1602,rpetracekip,bkilbeyip,whaskeyip
675,75-412-0380,asobieskiiq,jpavloviciq,cbrothersiq
676,04-268-6154,fraisherir,sphonixir,tdwellingir
677,75-342-5361,ethundermanis,kjenckenis,vschiementzis
678,56-732-0022,gnewcombeit,mheywardit,lmacmenemyit
679,06-487-1529,dgoldsbyiu,evannariu,mlampittiu
680,32-000-1617,rspellmaniv,jknewstubbiv,wbredesiv
681,52-852-5332,cwebbboweniw,jvaughteniw,ugamoniw
682,98-470-8439,wnuttenix,kpracyix,dgrutchfieldix
683,18-243-7668,kspearmaniy,lkincaidiy,fclueiy
684,03-167-8229,sascroftiz,qsebyeriz,rmurricanesiz
685,18-378-6045,ccourtinj0,kmorralleej0,neustisj0
686,37-852-6669,kgoffj1,gpavyerj1,clynockj1
687,90-147-7610,vphilipeauj2,rdayj2,glakelandj2
688,17-897-7566,wvanellij3,gcootesj3,hantrimj3
689,25-203-7775,lmclaganj4,dpennj4,lclaigej4
690,30-528-1843,esprionghallj5,grutherfordj5,iofarrellj5
691,69-897-4717,adelacostej6,mcarenj6,mseamarkj6
692,11-901-1192,btruckettj7,fhileyj7,cpybworthj7
693,43-780-1395,mkemetj8,lmcbreartyj8,aradolfj8
694,38-479-7680,kstummeyerj9,adunseithj9,sannesleyj9
695,36-802-4355,bsissonja,nmullinsja,gerieja
696,53-076-2499,askelhornjb,kdochejb,mmerridayjb
697,92-883-8781,vpappijc,corryjc,agitthousejc
698,46-255-2671,pyolejd,lmcduffiejd,dcominsjd
699,24-384-7623,bsiveje,cdanceje,kbartrumje
700,68-051-9655,paldersjf,hlaybournejf,lbayliejf
701,00-186-2128,asergentjg,sillsleyjg,arenadjg
702,54-933-4945,rdellowjh,cishakijh,sasplejh
703,05-887-9107,tboaseji,obritlandji,jmacgorleyji
704,03-845-7837,csweettjj,fmarkljj,cpabelikjj
705,26-010-2814,gblodgjk,rtomkinjk,ccosgrovejk
706,68-626-2505,cshobbrookjl,lpadsonjl,ljayjl
707,13-748-7650,sorumjm,eleachmanjm,zboydlejm
708,42-937-3958,gjakoubekjn,upresdeejn,nwhistancejn
709,34-033-3791,dciccottijo,cmounchjo,jratrayjo
710,62-455-2070,lglencrashjp,myuryatinjp,csollonjp
711,63-885-4975,sbluckjq,kcavillejq,sbonnysonjq
712,88-622-4978,abechleyjr,lbeesejr,dhaldonjr
713,09-082-3343,jsmewingjs,cdumbarejs,jdongalljs
714,74-784-9468,cgraeberjt,ecolletonjt,ksprattjt
715,55-359-2276,cbisterfeldju,ltremlettju,hobispoju
716,87-982-3145,dsilkstonjv,owoodhalljv,lcrannjv
717,15-626-1535,cbulfoyjw,nmclellandjw,hvogelejw
718,49-880-2552,hmintojx,covernelljx,jriggolljx
719,77-702-7075,ctackesjy,hgrubbejy,ctrembeyjy
720,16-956-3078,ebasellijz,folomanjz,tcoselyjz
721,54-778-6262,kwankak0,fseek0,ycleavek0
722,87-656-0519,jcoryk1,ahaulkhamk1,hhollymank1
723,46-222-2056,gwhereatk2,tgraviek2,mpawellekk2
724,01-128-1542,tludfordk3,jbillamk3,bkorneichikk3
725,41-453-3432,gcoomk4,lbooik4,vmaccumiskeyk4
726,80-336-1453,islynek5,lpacek5,bfindersk5
727,95-534-5047,lgrafhamk6,tsportonk6,dslowleyk6
728,04-238-8278,egadiek7,cworboysk7,jnewickk7
729,57-753-7278,aserotskyk8,kboyackk8,dholywellk8
730,46-249-9775,measterlingk9,rledgardk9,nsteningk9
731,29-799-2180,jfrankomka,dbleadenka,geathorneka
732,47-923-5475,fdraycottkb,rglazebrookkb,pebikb
733,33-146-9900,fmackombkc,ccravenkc,lstannuskc
734,65-678-3220,bmorenokd,wfallawekd,seveleighkd
735,42-226-5551,sgeldardke,gseabrookeke,gselewayke
736,74-362-6860,gbharkf,fraisekf,ichaffinkf
737,48-094-7613,pradbondkg,rhalgarthkg,zmixerkg
738,56-052-8037,apryskh,ljulianokh,wbumpaskh
739,28-010-0616,jrillattki,hmellsopki,cmappleski
740,68-296-2170,mfairbrasskj,rambrozkj,kblaschkekj
741,98-313-2036,bdurrandkk,dconybearkk,dabrashkinkk
742,69-957-7187,hredfernekl,zoilierkl,tquantkl
743,94-589-5414,rblydenkm,ddandokm,nportmankm
744,53-954-6148,fwennamkn,bwallwoodkn,afraginokn
745,92-405-7201,nboddymeadko,pnorthwoodko,moffnerko
746,30-227-9856,ccurtisskp,lsargentkp,apieruccikp
747,83-102-6030,dmaryetkq,zleyskq,ddohmskq
748,52-243-3117,pkeldkr,ncuddkr,ekierakr
749,91-006-8147,evasilyevskiks,bmacandreisks,lstaynesks
750,57-220-9245,hkiebeskt,ogarmstonkt,dkleinermankt
751,76-417-2279,fbrislawnku,gtumininiku,rtimsonku
752,63-791-6477,wkittredgekv,lmacteaguekv,gstotekv
753,03-101-0434,sisaacskw,mgherardikw,nsweetlovekw
754,77-348-4168,kdemanuelekx,abawlekx,upairpointkx
755,77-450-3826,zphilipartky,tcaunceky,amathieuky
756,36-074-7177,dsnelkz,ccrinidgekz,meingerfieldkz
757,49-561-9329,rpollenl0,epossel0,agrimblel0
758,56-876-3552,nhatzarl1,dferriesl1,gwaterfieldl1
759,16-050-4341,echafneyl2,csaphinl2,slyesl2
760,34-816-4249,vmiddasl3,mdoncoml3,kmanzelll3
761,44-354-4257,lalfonzol4,ccullneanl4,clethbrigl4
762,67-621-9976,jparadesl5,ablaineyl5,mtesdalel5
763,34-342-3449,eaprill6,rohanlonl6,snellenl6
764,93-510-8625,ssailll7,dchatresl7,ihellerl7
765,26-066-0146,efruchterl8,atrainerl8,nwoliterl8
766,24-901-7361,jagerl9,ssirll9,pcullinanl9
767,79-566-0680,spllula,lmogenotla,bmatousla
768,29-559-7243,dreicharzlb,jstokeslb,gdyblelb
769,11-529-5027,checknerlc,mvibertlc,smccarricklc
770,65-158-4959,dhollindaleld,cdilstonld,sallderidgeld
771,38-811-1667,mkidgellle,lboakle,cskellornele
772,04-762-1132,mglaveslf,jdannellf,nmielniklf
773,80-982-3440,pbohillslg,bfaulkslg,hdeniskelg
774,40-266-5825,cmiskinlh,scarragherlh,lgiovanazzilh
775,40-022-0864,ksilvermanli,iblaskeli,heastbrookli
776,77-198-5953,cdrinkalllj,tquembylj,mjanuszewskilj
777,43-797-9110,vmeatonlk,kcesariclk,mwoolliamslk
778,52-342-2629,tchavrinll,rberthelll,ktoolanll
779,48-460-4874,cswiftlm,dpedronlm,gjellardlm
780,78-269-8769,bpendellln,dswanboroughln,jcalveyln
781,82-403-8780,rjankulo,gfrunkslo,idikelo
782,82-363-0716,rstanionlp,gtaggartlp,zgimsonlp
783,62-493-5384,eluggarlq,skingsnodelq,dremmerslq
784,88-691-0665,mcavanaughlr,enanilr,rleggittlr
785,50-783-3244,bshirtliffls,enehlsenls,wdurlingls
786,66-547-0321,imattosofflt,scuncarrlt,dgotcliffelt
787,11-867-3866,challeybonelu,rkinnanelu,jcasarinolu
788,47-678-1681,dgoodyearlv,fgrimwoodlv,ceglelv
789,13-803-6140,mgiovannardilw,rbabingtonlw,gjanskylw
790,37-862-0694,dellimanlx,bchidzoylx,julriklx
791,57-583-2277,zgarrettsly,pruusaly,hdeangeloly
792,24-200-4737,ctudbaldlz,lmcewenlz,csapwelllz
793,21-597-3986,eshelmardinem0,hnelthropm0,paspitalm0
794,28-387-3756,hpughem1,bmarlingm1,mmapstonm1
795,77-660-0394,hlaundonm2,apawsonm2,rpickfordm2
796,77-836-5441,glivockm3,fpischoffm3,dbayliem3
797,74-774-7325,hgeelanm4,kwoollendsm4,astewardm4
798,45-468-5250,blaleveem5,lambroschm5,madnettm5
799,92-896-9657,fbraggintonm6,jscawnm6,tmaudem6
800,46-549-6761,atumbridgem7,cdanellm7,aworlandm7
801,77-682-9149,chayballm8,jedgcombem8,gjillsm8
802,00-547-4999,chedauxm9,kburnallm9,alossmanm9
803,89-990-2850,efenelonma,asapseedma,lparkinsonma
804,45-174-5770,mkeareymb,srimourmb,mgrittonmb
805,04-616-4709,jfumagallmc,omartynmc,wdjurkovicmc
806,25-932-7086,lambroisinmd,notoolemd,apischelmd
807,04-432-6153,abloodworthme,aforseithme,blipproseme
808,47-440-0982,tschnittermf,edanettmf,bvirgoemf
809,46-153-5424,kdorricottmg,ljanakmg,mbeinkemg
810,43-763-5644,zshearmh,kschildmh,dlatheemh
811,04-320-1413,mottewillmi,mkempstermi,hgossmi
812,73-558-9568,rhoultmj,hhounsommj,fcostainmj
813,18-611-3203,chendrichsmk,eundrillmk,sedinburoughmk
814,19-847-2434,dmalkinsonml,clisimoreml,rbuftonml
815,25-809-3706,anewsteadmm,jtiversmm,fsloweymm
816,08-670-3342,twagstaffmn,mbordissmn,sreadshallmn
817,82-160-6194,chedauxmo,gdymidowskimo,cstearnsmo
818,14-584-5555,cmainzmp,afairmp,oadneymp
819,87-018-3667,srufflemq,osendsmq,mpolinomq
820,77-771-7574,hbifieldmr,cardlingmr,zkleinsternmr
821,26-242-7371,cwisemanms,hlydfordms,ktomovicms
822,99-452-5734,rlachaizemt,ksteelsmt,dsommervillemt
823,10-468-3741,ktruslermu,mdronmu,vsaffermu
824,72-250-8956,rgiffkinsmv,cstrutmv,bgruczkamv
825,56-114-3124,tmoodymw,jseefusmw,svasiliumw
826,60-744-5810,hminchintonmx,kjindamx,ysyrettmx
827,96-744-1759,awoffindenmy,rbordesmy,cenrdigomy
828,74-747-7089,mgasquoinemz,thacquoilmz,myeomz
829,47-336-4408,kbarrien0,lberrickn0,latchesonn0
830,92-370-4483,fshirlawn1,bmatasovn1,szavattierin1
831,23-497-9288,bduddinn2,bsarlen2,qmahaddyn2
832,84-163-3356,theminsleyn3,obucktharpn3,rladonn3
833,90-706-3690,kdogetn4,csartainn4,cmacdonaghn4
834,13-556-1885,shansburyn5,cjaggsn5,rpigdenn5
835,04-022-4425,bmarshaln6,acoopmann6,fbonninn6
836,12-055-4551,dsmyn7,pquillinanen7,ahinckesmann7
837,89-479-7170,slumbn8,kcurrinn8,bdomineyn8
838,39-408-3064,lbaignardn9,jspurryern9,ccaron9
839,61-733-3876,fcasottina,jginglesna,csmullinna
840,98-674-3443,dfairheadnb,dhabinnb,odufraynb
841,48-449-3789,cbetjesnc,emouldingnc,rdalliwatrnc
842,17-764-1422,kmatterseynd,hweddellnd,lwilkissonnd
843,39-797-2759,bcajklerne,bconorne,dgwinnelne
844,00-038-9174,ntimmisnf,dshobbrooknf,jgrinyovnf
845,32-308-9835,doffordng,jhunnableng,athaxtonng
846,52-531-7882,cphlippsennh,rfoystonenh,zlabellnh
847,66-880-7679,jbettlesni,ajenessni,bsadatni
848,98-960-8289,tstrydenj,kpikhnonj,iengallnj
849,84-537-8574,ccordobesnk,cheadannk,bfelsteadnk
850,48-385-9223,ssaltsbergnl,tchetwyndnl,arudhamnl
851,17-752-9490,jiannazzinm,cbowellnm,odysonnm
852,82-766-1451,dmarjoribanksnn,ahardeynn,thurnnn
853,24-118-6528,gcarikno,mlassellno,kpatinkinno
854,96-011-1468,omeadowcraftnp,drowannp,mmcinerneynp
855,52-635-4438,awaddicornq,smacelanenq,jcreaseynq
856,73-261-9309,mblaguenr,jwhitlawnr,gmetterickenr
857,49-226-1168,dleopardns,kwattinsns,ayearnns
858,31-255-2656,msalzburgnt,tironmongernt,akippient
859,45-867-3060,gmillikennu,ndunniomnu,sharnettynu
860,84-751-7356,hkavenv,cbeckeynv,lmasdinnv
861,23-234-4559,jstorcknw,sgoffordnw,rwillersonnw
862,81-397-1428,dfernandeznx,agomersalnx,ydelahuntynx
863,93-689-5958,rvallensny,cskellenny,screaneny
864,54-585-8444,amartineaunz,mlenaghennz,elysaghtnz
865,29-900-7734,bbloodo0,lshadracko0,gpettifero0
866,35-850-5430,wpicoppo1,smessitero1,hhagerghamo1
867,83-083-9402,salyokhino2,aalbeno2,cpulhostero2
868,61-547-4915,trobenso3,sbleesingo3,sattwoollo3
869,27-787-6458,stouseyo4,wgellano4,wguirauo4
870,37-991-2852,hrisdallo5,spepperdo5,ebeaulyo5
871,71-909-5526,kfozzardo6,zstorrso6,kberrisfordo6
872,99-607-6762,bweicho7,bsuggeo7,gdommo7
873,99-975-1082,rrymano8,kstourtono8,rhowsono8
874,25-491-7815,jalessandruccio9,lbenfordo9,cgoggeyo9
875,50-825-6406,ghenlonoa,mheddyoa,sginnioa
876,10-664-1569,wrenhardob,janselmiob,agouldstrawob
877,82-067-5568,rshadboltoc,sgerokoc,ntrudeoc
878,01-593-1799,drottgerod,diwanczykod,wallflattod
879,10-353-4125,dmeyshamoe,aharfordoe,hbrendeloe
880,72-224-6063,aallensonof,cengaof,glearieof
881,35-377-3138,pfaldoog,cjesticoog,edavidowog
882,94-090-8140,jmilmoeoh,pmaccathayoh,ebendleoh
883,21-949-2383,lmccooleoi,bhallsoi,mmaheroi
884,11-212-1787,kdibiaggioj,ljohnceyoj,eyoungsoj
885,73-671-8064,bchamberlaineok,ibatchanok,afotittok
886,84-445-4928,gcapronol,pdudderidgeol,sbrumheadol
887,65-479-8693,rantonovom,ganselmiom,rcharpinom
888,72-665-3617,pscyneron,cbanaszczykon,dgeibelon
889,56-178-8123,gwhettonoo,rmurooo,fbriseoo
890,38-855-3670,fferonetop,tpaynop,btrenowethop
891,57-210-4698,gbarrackoq,rskuseoq,fkulvearoq
892,12-070-2743,bklejnaor,cfeldsternor,zmulhillor
893,74-555-8045,jbromheados,dfieldhouseos,dpavieros
894,53-901-4436,tmerlinot,cohenehanot,whavesidesot
895,60-379-6363,awearou,vyantsevou,rbeinkeou
896,54-665-6965,vlesserov,abramahov,kkubecov
897,53-655-8546,lthirlawayow,bscotchbrookow,tclewloweow
898,36-204-6722,acolbrunox,mslightox,htraskeox
899,22-079-7287,pilettoy,dedgcumbeoy,lletertreoy
900,07-184-9955,ebaldickoz,amoiseyoz,blaskeyoz
901,79-515-6729,gfilyashinp0,isandryp0,jparmanp0
902,67-687-0323,pmathevetp1,hkanwellp1,mbattersonp1
903,52-049-8291,ebrinkleyp2,adogetp2,gjirkap2
904,48-785-4132,cpetrushankop3,bricciardellip3,gallardp3
905,40-062-5339,jmaciasp4,kkmiecp4,ccowderoyp4
906,13-412-5282,ymccaskillp5,uedsallp5,fderoeckp5
907,87-369-3053,kyersinp6,bkarolewskip6,crothwellp6
908,78-192-8592,cdunckleyp7,santonchikp7,equinseep7
909,72-705-5711,apriump8,ghellierp8,kpaffettp8
910,12-713-2295,jwhellansp9,ipattinsonp9,kwarrep9
911,39-204-2503,afrantsevpa,salvispa,udebillpa
912,33-240-2572,nkleuerpb,lbeedonpb,valdampb
913,84-614-7713,acaddiespc,aatherleypc,tlattapc
914,26-542-4812,respinetpd,ksaintpierrepd,itittletrosspd
915,41-711-0246,amiliffepe,gtomsonpe,eharvisonpe
916,34-883-0362,jnortheypf,mcaulkettpf,rromkepf
917,74-319-3659,gpetfordpg,mfrangellopg,bmattackspg
918,18-263-8141,bbulstrodeph,tjenessph,jhubbisph
919,01-747-6575,jrosemanpi,jspinellapi,dsearbypi
920,15-889-2451,ltrunkfieldpj,zcarbrypj,gbutcherpj
921,56-734-1989,tlongworthpk,bcalbaithepk,csoulsbypk
922,58-687-7617,elantiffepl,gdykinspl,fjarmainpl
923,66-512-6548,mduranpm,vhudlesspm,swaightpm
924,64-494-8959,amingauldpn,labrashkovpn,osteptowpn
925,52-014-7952,kleninpo,mhillanpo,begertonpo
926,55-494-1352,ldenisyevpp,dverdeypp,kthiempp
927,75-692-0506,mpetrelluzzipq,valpespq,ghounsonpq
928,83-263-3896,sthomsenpr,mhouldcroftpr,pkeatleypr
929,35-737-2027,sbarrackps,seateps,broystonps
930,05-572-7733,bbrewispt,otwycrosspt,imattackpt
931,99-380-0220,gspieckpu,jpetkovicpu,ahoulahanpu
932,97-719-8128,mcowlpv,ocroshawpv,nmckeagpv
933,62-510-1816,kboddicepw,aleaneypw,hcatonpw
934,36-810-7286,mohernpx,rribapx,bwhaplingtonpx
935,03-977-5369,mroycroftpy,pstokellpy,gleedpy
936,74-662-1666,cmacchaellpz,gtatfordpz,wsothcottpz
937,38-622-1268,swanellq0,jyurtsevq0,gfarrenq0
938,52-419-0380,ftompkinq1,rdadleyq1,ybonnefinq1
939,70-740-2797,kcrossgroveq2,jatthowq2,opigdenq2
940,17-338-0691,bstebbinq3,ahutchinsonq3,kamysq3
941,49-245-1871,jmuggletonq4,bandraschq4,lbaldenq4
942,78-563-7426,rvanyukovq5,chartellq5,tbeszantq5
943,15-028-5496,hhalleyboneq6,tantrimq6,fjobbingq6
944,50-845-4883,bbruckentalq7,abaumfordq7,pbrickdaleq7
945,77-919-5276,tstallworthq8,kastillq8,gbristonq8
946,76-019-5721,lliddiardq9,ehansodq9,rdemangeonq9
947,18-517-6372,drodenburgqa,ouffqa,crismanqa
948,00-289-9504,dkilkennyqb,tpetersqb,njardineqb
949,71-130-9819,kdymondqc,tfarquharqc,ibravingtonqc
950,65-011-0572,semblingqd,tjohannessonqd,opetitqd
951,56-184-3274,hpollendineqe,rpaviaqe,qavannqe
952,58-925-9562,ctolussiqf,gmatelaitisqf,gakeherstqf
953,32-475-4456,alucianoqg,croftqg,cphilippaultqg
954,55-908-4312,bmaccheyneqh,cemelineqh,cpavkovicqh
955,78-818-9087,dbondqi,cklezmskiqi,fpaoliqi
956,46-764-7686,aclemenzoqj,klarderotqj,rshipmanqj
957,93-681-2474,ndrinanqk,eouterbridgeqk,pkayneqk
958,93-164-7765,kmapholmql,oroebottomql,tmoresbyql
959,31-857-9699,sivancevicqm,tproschekqm,dgyenesqm
960,69-466-2790,tgammettqn,dmckellenqn,cnasheqn
961,27-543-8096,cstoiteqo,sgaizeqo,roverellqo
962,54-252-7257,jlafondqp,tdoleyqp,lcastanieqp
963,68-584-4573,lhousamqq,kbraggintonqq,bviegasqq
964,13-537-7948,acryerqr,blepoidevinqr,cbeattieqr
965,84-405-2964,bhaughqs,pgleetonqs,lkaysqs
966,37-950-6262,gtixierqt,jbenedttiqt,nesmeadqt
967,56-515-2636,iverdiequ,lbatherqu,mmackinnonqu
968,57-438-2826,msauntqv,jdanilchikqv,btringhamqv
969,32-765-6856,reldridqw,rpigotqw,clechmereqw
970,48-527-9600,odearthqx,eballantineqx,rdowsqx
971,40-222-2985,rhitzkeqy,jspatoniqy,athonasonqy
972,48-973-6352,ggiovannacciqz,brysomqz,ceastwoodqz
973,35-996-3433,bsheweryr0,rdaalr0,dmckintyr0
974,15-625-2746,emaskallr1,phugonetr1,kcustr1
975,53-135-8826,colneyr2,britmeyerr2,fnewlover2
976,88-455-1439,cmackier3,cmilbornr3,rleutyr3
977,99-960-7284,dmanjotr4,hgillionsr4,emiltonr4
978,69-370-8726,bhoxeyr5,kgimbletr5,cbelchamr5
979,87-763-9431,proydsr6,sbalasinr6,abeardsr6
980,45-587-9017,kblinckhorner7,gkrollr7,rvarner7
981,46-362-6441,selcombr8,jdroganr8,rallawyr8
982,18-348-0804,rcluettr9,imccorrier9,eholtonr9
983,75-367-6442,ylosekera,adanserra,kgiddingsra
984,22-348-1586,vhenrikssonrb,lclarkinrb,kplasterrb
985,87-884-6118,fjaynerc,fmckeachierc,mstillrc
986,01-162-3193,gpuckhamrd,rdurkinrd,ngosneyrd
987,45-938-8005,kdalzellre,ahalsworthre,mlewsonre
988,03-941-1648,lteesrf,mthomtsonrf,lmuckleyrf
989,60-446-9164,ltoombsrg,rricciardiellorg,ryeatsrg
990,44-167-4430,klepardrh,cmacmasterrh,hsomerledrh
991,34-766-1843,mwardhawri,fmacarthurri,bcraigmyleri
992,63-033-6779,vwebberleyrj,ibissattrj,adairtonrj
993,35-530-4935,pbrouardrk,mloneyrk,bpetticanrk
994,99-524-0146,moldredrl,sconnrl,sbourgesrl
995,46-748-8079,lfowlestonerm,bionnrm,dmeranrm
996,90-193-9664,lromaorn,nfallawern,ptraytonrn
997,90-909-1577,klayusro,dglasspoolero,lhastwellro
998,88-632-2328,mhizirrp,mlamzedrp,ecoterp
999,43-404-5300,mdetheridgerq,maddersonrq,gwolfindalerq
1000,08-873-8930,mwaynerr,jmacrannellrr,clivezeyrr
